,T_ss_e,T_tube_max,T_tube_min,Q_abs
0,753.9835718074547,1831.3378295859825,777.3232400876008,16277.332705088871
1,759.3047803763259,1578.0148059312921,770.9880972578657,16976.094838610097
2,593.773583426519,675.235535920756,593.6162027540553,1267.201652516372
3,771.5808089985002,1153.7310179925134,775.9153049163046,7225.582313927943
4,828.4224350330933,1364.7673403519398,833.3710156704154,12985.668024769722
5,815.6355262635135,1198.983832430881,819.7153962226821,6425.6383401328785
6,719.1294871121739,1636.2726929941002,737.3156032227861,14263.654280145642
7,685.9044080314928,1324.4290737576425,697.6551766926927,5717.463277623312
8,742.8718357748859,1180.2065439294652,746.7986523987987,10708.907017416117
9,679.7423317787342,914.7259377605068,681.4511400935525,3108.294165919572
10,616.8645422498392,1719.0828557574744,636.3049986252178,21428.605186097226
11,714.2889634221458,711.4765542644863,710.6760548951755,-139.56705644849157
12,838.3751835877201,1329.8530453178328,842.0246028050551,12790.828365469388
13,573.5934880413595,682.1240289121843,574.2877496907566,2159.3211303095695
14,755.4272208386132,1792.287514954552,771.1987655347739,21616.69291092331
15,793.8583259436359,1242.8918601522253,798.0054237336607,10649.362073579232
16,718.38074601352,1080.2784216856953,722.4135978563037,7377.47596008857
17,664.9828647508282,949.5127630466361,667.8449305977828,5916.291333663347
18,653.2983806375654,1287.0084869135267,661.1172805046136,14309.16633106814
19,576.4302948461182,1316.6947432797647,586.4923216276921,16295.788388327122
20,822.9847797091231,1557.9170598294777,834.4707556862886,13357.911166615313
21,662.8788797717931,713.3414954390048,662.2623725733698,985.3717927936834
22,566.5900711732177,1807.4530594013834,590.7727054962281,22680.977570200343
23,788.5314491257456,1489.097357621428,795.3293760459495,17300.175917584063
24,745.621476026733,1106.7079401968338,748.3809016758818,9091.749032228397
25,760.5731242063179,1246.2640712723564,766.8725539813607,9458.97386657161
26,730.8797807167904,1094.5109674663843,734.7028877389224,4477.352202167528
27,602.1587675940484,1223.379929132042,614.4725951759851,9187.140203987552
28,798.5380037638143,1503.5464041659961,807.8603729214566,14650.174120364692
29,723.5645993942493,1186.764421649361,730.814416234098,6563.738320489588
30,583.2334278372892,1550.2949086420851,601.4827484637243,17305.228826560295
31,772.027498235007,1159.5702415410396,776.748442183852,7179.420217213093
32,693.788550652242,810.03182618405,693.8044079218649,2158.017070817127
33,736.9496962350655,1769.1510069235605,758.8216446841905,15544.258652846196
34,767.2718345999696,1444.867917683393,777.8310126703329,12229.037877619414
35,594.1889891364004,615.9844252145137,593.0716143386356,342.03673852725063
36,579.8549490714747,1235.767748671419,588.8127085664967,14356.206514872338
37,726.7301315949826,1362.2455385249361,738.079736493044,9740.776757608699
38,767.9425270287626,1663.2010627131615,779.1415503037656,20387.29836132784
39,611.0237849861973,872.112109512341,613.8166284476786,5673.03226871773
40,829.797919528404,1513.270223273741,835.949078478408,17190.015948879336
41,647.8608218039185,955.7520521268979,651.6941484465817,5323.183602236083
42,578.6283752766687,3006.206638947807,806.2066906284327,6987.724124720285
43,801.7719435628882,2003.9001258304284,832.1119576459049,14074.6208782464
44,794.2259730919588,841.079750261524,793.4024426895381,1037.5845941399268
45,822.491117219322,820.7169660739784,821.4142261675391,-189.71788063849888
46,644.412575575582,1152.3287650390075,651.7198206108698,10052.527501921986
47,622.2662291070494,1583.9652172040944,647.1271395720726,8006.8725750148205
48,717.52768153585,1501.698647099192,725.949320773818,19019.809387789737
49,697.4413890816645,1634.1720075572591,712.7362104024414,18340.139511363082
50,579.3158367150785,1608.7124114280857,596.0936576566536,21000.864072549146
51,645.9544364594932,1347.1895770890596,656.7898946019149,13973.839578102261
52,598.6786552740199,1297.8281713987444,609.9713087769999,13599.010149143596
53,606.9745815370261,1906.0003114028816,645.169706939102,13336.91373019744
54,780.206317385293,1120.6387480969938,782.7335121294356,8468.091564884735
55,629.5683778157915,1471.4079712342748,640.3238374892658,19317.11678992529
56,565.3645806535463,692.2674322992932,566.3129304352643,2558.7813946539927
57,806.267510732114,1495.6850025841334,812.8919279199731,17033.26831620504
58,807.9884783431049,1092.9623575305343,809.8145745252938,6868.258302597407
59,820.3982095156238,1490.677935630007,827.0210203097848,16329.269323616618
60,786.5630325302817,1832.1811059503254,800.9116773204165,22976.390530329434
61,596.9774068003055,1589.7096997954116,613.1344782518537,20273.987821899
62,649.0094596974345,951.1755362899268,652.773578289231,5592.322042478868
63,678.8312022292707,1394.457517069758,688.4922749612618,15452.290388958148
64,589.0181026106936,1611.737878441092,606.5479166600741,20099.136061572397
65,651.8341575766153,1547.678181145943,663.1369829098818,20614.014378178876
66,737.1520833717956,1045.4977865356002,739.7825261731668,7318.0973004093075
67,687.636653962791,2426.2408712769657,746.6035912503107,18657.699496876616
68,773.3323275171334,898.2018969694367,773.1373746693465,2388.6003830920213
69,739.0403800861476,1161.9064651504646,743.775923198215,9055.412726419716
70,669.0587492410392,1224.9814652719215,675.7526761448548,12405.925874787847
71,772.7796662820296,1522.8327378605265,780.6930852451027,18177.145771917618
72,715.4015827510461,952.4828190819918,717.1095391158159,3493.471670879252
73,573.2414267445861,1110.6096421721481,582.7121869319176,3475.7545834493476
74,685.7591441728266,742.5838310923159,684.7733952675488,942.8798426898161
75,734.4240584820293,913.6599070786,735.3656432341435,4065.9459661573865
76,725.3093522480311,1905.9642912048319,746.5470802109473,22339.68174946989
77,584.3403320596997,1463.9691831693733,599.1450277299763,17202.241821666903
78,638.738561019243,908.6157722236263,641.963333617785,4815.433054015305
79,787.1010983300804,1336.3542495211427,791.6091315965024,14129.179250056091
80,804.3811854663815,1561.5524380524812,816.0478506381678,14027.468299255363
81,642.4149922315979,2352.6689834626363,724.042891251134,7400.400109648379
82,603.8283383324942,2464.882110284426,687.0493044109621,11983.741334624923
83,640.0547114866062,1834.0838584495868,667.9568768422758,17092.17017059078
84,678.2592422466092,1301.3545604703213,687.8220933858696,11868.628820615359
85,666.4889633293011,1270.4001956004902,674.9457530232127,12496.861570148802
86,703.7512346920884,1389.0216984793599,711.9476751688597,15768.449583253881
87,630.1490609166457,950.9540721905216,634.3729301122421,5888.407240149232
88,575.1894118618976,908.0804832119604,579.2023843702111,7166.332696184826
89,797.9048355211083,1460.493534169537,804.4551390486771,16026.326960904229
90,650.8758335018919,1556.6919135891833,671.8279513682065,11189.867364604328
91,757.2810590146642,1514.4349412104873,767.5884514246696,15860.977583240981
92,582.779278777324,1919.9119241049416,613.1683992308946,21327.944499797333
93,698.8750783496712,860.1398167537295,699.8014446110792,3729.2555994512823
94,650.2311998651642,1691.9803346308825,664.4496405719519,23341.18179490062
95,776.5336383745893,1268.0121613427318,781.1161730167743,11794.732716483462
96,738.7597134148293,916.8783001632544,739.7293593139907,4098.619784923631
97,693.4345740418709,1708.68759793052,709.1058264689424,21202.87957292131
98,763.9864962017555,880.5423199961255,764.1605829078401,2793.0465882143108
99,746.4981995271547,1020.9972940839843,749.0064566772368,4945.136865903992
100,635.1833343623489,1919.1827006817841,672.7109282912761,12814.208024418705
101,605.1107409701432,1061.1270423946812,610.8392714375188,9965.561753677981
102,612.6688581173116,1214.4960606549282,619.971426098365,13818.479548988096
103,783.6496547531452,812.5959319660301,782.8313013810698,609.1105731231416
104,670.4026548286884,1080.444150140098,676.8020888710826,5865.026767923798
105,710.4710464003575,867.322818908156,711.1857552912684,3727.46589216411
106,758.4895704147356,1434.887992990538,770.870037178212,8943.45729648433
107,641.3685166422732,1686.1330995095686,658.429084652576,21208.243083948477
108,748.1092737547741,1072.721901433951,750.9705873276052,7217.348742362734
109,677.9593870005439,1576.2504108491187,693.8132770610105,16474.205950946027
110,690.0864813653369,1088.9073970656755,693.8297625186742,9566.850050571255
111,701.6446110479709,785.2755932096012,701.5225021638817,1939.5655068754197
112,789.3749117980283,1071.3818433561464,791.0299928512446,7217.58975591888
113,602.2711032821455,629.4662399087323,601.3061946164261,455.6845907793525
114,745.4650535244891,1261.0491435873296,750.7657313694925,12014.674183134795
115,628.4955342653418,1258.8594128174839,638.617493750848,11903.588196154504
116,659.7876736391863,859.1282005991105,661.5284568960906,4116.047889569517
117,670.7174825739975,2442.6372053668256,745.2831599871491,12071.448590601101
118,691.5072518459245,1394.5555186481597,701.5556329149056,14502.546872802157
119,831.9670428007535,1200.3488873823544,834.1899355843923,9722.101061791369
120,697.2367351632204,1190.2379585767721,704.7426933021775,8771.853700561183
121,700.1143813235238,1322.8081827130056,709.6575766230399,11642.493257936208
122,748.1439056362819,845.5216416303472,747.816114246945,2081.5741685080156
123,729.6518010420956,1409.0973947072519,741.6167855241441,10668.890375211176
124,799.8013299483234,816.5476208112383,798.2494669292793,246.39977363983584
125,629.4536609001076,1480.1626163175201,640.8252733020304,19076.867348560634
126,593.3924675892711,1633.0342748347252,615.0881606008791,17012.388344096824
127,713.9113671175693,1006.5873559639675,716.2379916119489,7065.809759171469
128,603.9213024481542,1306.140364063581,612.9614262364025,15825.759530694751
129,637.6854614405769,1414.1853368360507,649.0764522860765,16370.735078549596
130,674.806761657878,1558.065603811778,685.5330148606789,20734.806697887347
131,603.580470318552,999.37878309604,608.5750536740705,8531.858280383109
132,759.7446564652502,1012.5736884584636,761.7327998733117,5597.4717746736505
133,709.6237489153988,2072.6723277509086,751.9323052811279,11711.373503412866
134,629.4472966004903,874.2015399321439,632.1477622328393,4530.690270582841
135,737.3375949259276,1120.9342144935404,740.5959732510909,3698.9771230133892
136,612.2354999546027,1175.7964070574717,619.5776157700943,12384.827909232028
137,692.1338432460996,1697.5534344777843,704.2755209522272,23785.33720261793
138,729.7836585830477,749.5515280765892,728.7602190712935,353.3506715511042
139,712.8181399343661,742.7250521354318,711.6686793622919,555.4897432978792
140,584.2397956654806,1160.692359438753,592.1587317488846,12257.337962788893
141,736.5269726658761,1670.656216001541,750.1922646713198,19679.401947349234
142,803.3247693894705,1679.7034453501608,817.0256453909188,16889.623461029132
143,571.2379321517351,581.3066457130798,570.4894478308133,161.16370441373675
144,741.0035740014447,848.8982227726398,739.9270462810541,1663.5344895655724
145,828.59445537856,2159.8078437757476,863.5838800533915,16793.61805303442
146,586.7235025419076,1075.9719405985231,594.5315186920909,8818.457844683368
147,756.6934970876023,1683.83353890198,777.8429206029101,7366.815432111631
148,807.1629203403403,1190.6080998999469,810.503125069038,8937.338682069774
149,817.3678821348205,1177.53109869387,820.0665919367409,8885.48818797285
150,706.6544090036035,1167.8428127788486,710.8516920335906,3401.9763382469946
151,759.27427573834,1224.1507325571417,763.9102759620158,10885.88988082908
152,770.9799985507796,1689.5650324422106,782.0432966861305,21267.54429158209
153,674.5218003310515,1247.260386349519,683.1960482989525,10691.062989102846
154,702.5922862574149,1684.1771015423167,721.3320554084199,16776.864767975225
155,600.0336036485593,1616.7702116811515,616.2373658653524,21007.021519451413
156,765.4341113845679,1410.0264792094076,771.3422724748525,16242.507835985121
157,825.4639593143042,1773.0002802479885,843.7938902488269,14712.533354717534
158,721.8471855630521,1237.2857631467214,729.2044228645312,9234.936801042015
159,663.9189613421192,758.8333767872325,663.9412966172268,1992.3344047276796
160,815.5989521370391,1313.9172604452222,819.14908211286,13108.583563173937
161,635.8505836366555,1117.3312951856826,643.1570031561799,9001.526341664572
162,761.9314951934076,1455.7626299924166,774.5572910716916,9899.049190707157
163,661.6567147420831,1319.5008464249456,669.8702738546236,14821.933057985905
164,701.4588213116277,1810.7243987378022,719.2004866688687,22787.756707098146
165,727.000511248891,1305.065402362222,731.8692425604262,3052.047687432638
166,821.2378874214706,1298.0801229497815,825.0705221162045,11941.430428022513
167,720.9380005677419,2174.1015493483114,766.0882371138904,14053.261351526475
168,677.8841686155655,1216.3546473152976,686.2758989085487,9651.493248155102
169,601.5657221575606,746.4955111365,602.5934824255849,3131.1824529111277
170,718.9983163446415,1415.6593534033198,726.9586301298857,16253.211548690808
171,572.8364426628456,1329.0472050047608,584.9890042142034,15073.027579101654
172,817.9419227293685,1890.0685370897265,835.6288561246687,20973.89169040851
173,574.5164842481414,803.2978394014593,577.1928162522371,4345.363231058427
174,786.0572717294727,811.6958160545264,785.252208344161,533.590451670615
175,755.6954597247395,776.6327699412273,754.8183738681016,414.215326119097
176,727.8930690135892,893.0627021106105,728.6068331586919,3514.6135896313463
177,614.5881676589253,647.9724501373806,613.9975215573028,683.5057365859445
178,834.4418329725534,1167.8026900240675,836.583314860901,8586.323453471832
179,793.1906895659747,968.2503847823766,793.7819503773565,4162.467363195138
180,690.0388260341335,1767.9130041617016,713.1346182890305,16799.654494353188
181,611.4709366359635,1270.4596076644123,619.7388621609675,15017.75545447843
182,791.8657493745204,1183.4966506430758,795.5136311963754,4498.446286526731
183,671.6339339846223,1886.6310318008448,702.9904705669097,14585.922766093563
184,773.3986718385722,840.2029007486414,772.8350640825857,1456.1498521653205
185,779.6900983521914,909.1752696116465,779.6643013737718,2630.6026710247556
186,565.9886193721245,909.8217698232716,569.9823472761409,7638.274966414388
187,692.3431562253916,1445.9826904685035,701.5272688208044,17320.454466965723
188,658.1133956263437,735.2790378686822,658.0085434743271,1751.7708839289899
189,821.7549548270227,1701.9488376354843,829.1572304437291,23147.493357191237
190,622.1361761896931,1054.4318346735681,628.6393647494498,7984.630055920771
191,721.183282104551,1868.1827068070409,753.3181446755357,5376.281435033488
192,658.7830308353234,1636.2698569919744,683.0803877707974,10626.722061564671
193,702.9312515366335,1161.33193639996,707.2458652063474,11128.388530185415
194,577.438172231162,1279.7586156264006,590.2395105824459,12141.561572577573
195,610.7407563609192,1680.597257375546,634.317703181064,16077.60529683246
196,800.040874465522,1787.3295580035674,814.6758074238077,20594.723152925017
197,715.1087192518427,1150.108338590735,719.3006951474081,10413.53071947595
198,575.5088598654947,1441.8284956057644,591.8503420335658,15092.336183440331
199,641.790258658472,1325.5779954335267,650.9476337122748,14881.726495141575
200,622.0734721334678,856.2321361785807,624.5449503488063,4530.533199505092
201,635.7149441275928,1614.3621197842956,650.9047808099353,20315.966438614487
202,696.1948752042508,2482.392914427315,779.8311679605038,9732.084065729396
203,837.0236249851654,1626.374393543372,843.5463989518133,20668.257223893357
204,749.1246148808546,770.6647219823577,747.5679970145881,338.3080853478176
205,737.8511546283175,1947.5559498288783,760.5066648797357,22219.084496877458
206,598.8892219696776,1077.2846079584456,607.7480680501451,6674.258396650438
207,639.107941973153,1321.4278941064074,648.9124893981468,14093.345024948485
208,627.0147700309494,1012.3483935080641,630.895422665338,2595.2152205111083
209,832.6353700648624,1603.1519319833635,839.5081966972168,19636.5858016055
210,740.4330386696903,757.2675873906168,739.6108539976998,318.9360584883928
211,617.1051524757225,726.5129270095542,617.5573604179118,2298.255002288819
212,649.8848784639432,817.7610152378996,651.0248293210972,2932.5029617902164
213,781.9505655509153,1393.6192428112306,788.8910429666377,13733.120881894743
214,682.592825254748,1532.164257539409,693.2797757988748,19488.2067110533
215,660.7663003456137,2081.691655384799,713.8422763117773,5419.285245625798
216,609.2844254329679,1198.4606608134645,616.5919430799631,13218.507693055906
217,642.4656148816259,1860.6174144677027,669.8234482934804,18860.25341211593
218,689.2687993169209,1225.524020350995,697.0782153508368,10294.632319353692
219,607.1657862632176,946.2219140437247,611.931298023905,5789.557464741547
220,590.2097074478855,940.7500092721106,595.7502890096973,4824.2671586800325
221,821.8913346966149,898.4085911390234,818.976236649662,1017.187868828838
222,621.9196831054453,1961.9306129873753,663.6428103774439,11657.962281499194
223,599.2299368226443,934.8704564090398,603.3894727040081,7066.212244093449
224,643.7522506507028,1409.7144450789915,660.5190011737819,5430.097028388111
225,651.4690815455039,1151.1434811948463,658.3310478614252,10112.62296245663
226,780.7427224622529,1508.5090494996027,793.9537168527129,10748.65608444209
227,612.3443154805947,1542.8964604750097,634.9064964616164,10312.911102346106
228,694.9781734465092,699.5990281044185,693.9396220460281,10.911088690982524
229,589.9886796723247,1242.2395203447884,600.2530469619381,12802.859680151085
230,818.2836247316259,1114.7914085579748,820.875688870395,5973.971014084791
231,710.595855138897,1114.578829131326,714.6833521230201,9304.873180706689
232,621.495046615784,997.229459928536,626.810795931058,3389.626506757199
233,653.7502462460274,810.4370468111312,654.831322666634,3259.36654185849
234,608.6123037769945,842.3817744262116,610.8008873295313,5197.118962146724
235,573.8001780960046,759.5786529465795,575.6597310307177,3925.703589138033
236,628.1997470302771,1271.3574953082866,639.6372368883411,10800.540754376894
237,753.6943467994232,764.014747305627,752.6867584302403,134.68252596091153
238,643.0111875322018,1188.4858873455757,651.0591310502034,10619.134092412818
239,746.4971067351412,1417.5336822423285,756.9603998953327,12476.991486188
240,625.5429870560471,1865.8049992831131,654.4658203490134,18692.121441958898
241,644.7686326024279,1744.2154891448686,659.3300290717824,25287.758938461335
242,685.3411415675661,1902.337903550835,722.4883677081724,7328.240938531275
243,670.0923885648019,721.8128385236695,669.6966120337145,1155.6535990439268
244,739.6266581716218,784.0488534923132,738.9916617661526,988.6892030105934
245,801.8328219239352,1493.0709548940345,812.1824400599158,12677.601664985514
246,785.9286510987363,868.9544658010677,785.6925147126631,1983.7007087239363
247,818.7079000333662,1074.2139717018688,820.27895663554,6140.179603859968
248,570.5555950620825,931.394303206272,576.8034689077225,4761.134007597585
249,819.7869888483586,1926.0074163189126,848.5589167581959,10644.040805053723
250,808.9095227884252,864.9045718811482,808.3503250629469,1319.1430714522296
251,727.1053174982007,1161.6055344438903,733.2301189435328,7391.678048081363
252,576.6603985927192,1134.642616316835,583.8549855919017,12447.088540167251
253,710.1588614097203,1017.2924359454928,713.3849099011811,5898.724162608716
254,582.2886941274204,854.329074885718,585.5647491098105,5548.335465213684
255,727.5519382334885,1139.483346893501,731.1671513565962,10112.557027545381
256,593.3544465690092,759.6148179153591,594.8657047093046,2742.7291936890156
257,685.5081761188188,1297.8910047827162,692.2679258998227,14492.966442555058
258,716.2400437909932,1282.8872022861012,723.7161120909941,11920.874841229077
259,574.3955900000396,1021.3842399514189,580.5794984305398,9297.034320260513
260,578.1053294080493,1761.762909585751,596.9365084778349,24956.986469959847
261,641.5578265756636,1143.614741748408,647.8520615362585,10892.208084338517
262,660.0690856531247,728.258334636234,658.5783478332351,905.858200671082
263,646.3814767691789,836.4667376268596,647.9413910825255,3327.3066065010285
264,789.9667529248469,1148.9647272579002,792.9514700293963,8542.438243128947
265,828.3564081354357,890.5540032791226,827.9033908528481,1497.955898721492
266,792.5958741422403,1739.1370203023466,811.973509606958,13634.69073349502
267,590.7159104273543,1805.6307342904481,628.3641148359625,9010.30942281733
268,694.7815417187571,1279.9183158681299,702.2096333298605,12599.532319281165
269,773.1796818409553,1965.707087081045,804.6884061119549,13174.769259813169
270,833.3850038944325,1261.5354748411885,836.3571610764739,11040.989561781522
271,806.1350923149331,1793.655491475126,816.8846282640809,24100.997307750895
272,713.5981138143914,1378.666008262837,723.6952225587228,12651.372540997148
273,684.7581976337027,2291.7468062131297,757.3118303662571,6251.185068927378
274,660.3205412654188,1428.1378626971825,675.5857659224519,11513.246192314731
275,667.9315476297654,1160.498756404293,673.5545847662491,11245.046040057703
276,669.8800717775914,1726.8809175052122,692.8066821248805,16084.4476119394
277,734.2401024825127,955.1240254197797,735.6922714549959,5214.231616111334
278,656.4423556491007,1404.6381261783915,668.8908038569613,13963.30240501423
279,593.70073448163,1211.0331050744594,603.8647524833137,11532.428677364014
280,632.1850181059211,1346.7870378579464,643.719309174556,13523.455767130852
281,652.8904398577622,1353.683736360744,663.7131118829209,13782.224306403768
282,809.7323502884294,1362.6384211138868,814.3130268373626,14123.56118838697
283,655.1628060930852,1003.4920528707589,660.1833989351055,5416.072653476797
284,767.411933205763,821.6524730372142,766.8099275926759,1257.1871150504999
285,667.2744534950712,1485.958775054805,678.398864336275,17950.7794816152
286,621.8026981031145,2582.741367776484,725.5868026866542,9760.21844446767
287,563.6973535683608,931.2505990861849,568.7356877806835,7419.194703710195
288,796.0471309101495,1748.5133328755844,815.1291583824653,13853.704867172324
289,694.0231936337638,1062.8617965456267,697.2893486672948,8981.421338334196
290,567.1820707064883,1770.2501828434758,587.9977503706729,24037.160612069412
291,817.3062391106171,1211.6243108991612,820.8462316375089,8877.408820071028
292,790.51648025039,1197.7766590856963,794.7406493846305,8420.474630453413
293,661.382239088063,1233.1154487013773,667.7633206777641,13442.479218971892
294,659.0467984453911,1086.7856883872828,664.86952708495,8130.250224319356
295,625.3875899183558,1569.2574418377058,640.2206609915163,19332.917163439004
296,603.893228534685,786.3294677367008,605.6127613158184,3039.791684046727
297,608.4517972992797,1821.8174768245924,641.4435410713372,13778.349611366919
298,827.5194316488494,1035.100955505769,828.4412419536131,5276.927926654516
299,735.6925470142847,1910.4396685888637,761.722468867501,17892.75297235941
300,634.2759112604593,1393.9658601744152,644.8668387617569,16331.281201577378
301,758.2471699621758,1009.1797053660031,759.0896592719465,3145.754003683431
302,694.9500092634669,1064.484544351299,700.172880776327,5804.520229773232
303,605.6848774152563,1354.3323177842956,615.775156288515,16627.185837590598
304,730.0745720831679,1596.1431344288926,745.9729727462975,14542.983181477568
305,630.2293153897381,970.2382870021039,633.9148482256678,7563.611886849062
306,613.3937767161773,740.6671076532123,614.1491295319763,2874.7576402661402
307,716.4022323497927,1676.7992513410002,738.5423717948934,11078.123570901063
308,695.7867711767337,1180.1966346304328,702.2296657836572,9558.340338235668
309,766.584332736505,1558.910846938839,776.1503902985357,17987.04668532137
310,724.3539410424775,1762.8413689119557,750.7288456004185,10186.781310445747
311,738.2159858075432,880.5388940329489,738.5322659222467,2864.585070843686
312,747.0805689902851,1754.6633405156565,762.2589991430948,21045.988045313494
313,575.7694532213824,650.1549174149435,569.0706930748956,347.3083519613241
314,827.0191116239033,1155.0208792372332,828.8895169436327,8592.61666923045
315,774.4618380590243,1574.2852630833763,781.9778612694356,20266.7612168782
316,736.5848439870554,1344.3056853081303,746.1940142533871,10487.060886674542
317,829.4673053967947,912.5272338667584,829.0316869181521,1929.1425597610798
318,636.86341304104,706.015228214638,636.0350949396054,1101.8681570046429
319,676.4775524525047,1968.6561743959098,706.5786226647203,19676.145276523956
320,564.9489740650702,1068.8076688533463,574.9053245114254,4129.485770373356
321,793.4114517549522,1184.2382632906176,796.2747378081875,10043.095597690453
322,572.6859168921045,1557.9434518021037,599.2283986783922,8954.09387997007
323,733.5535880513717,1087.2551080810636,736.8034785976404,8273.51381357458
324,785.3553444291255,781.1914433436275,784.0696812775877,-229.30171842832485
325,801.7820958802138,1394.095566525342,808.189175687577,13551.283273685909
326,787.649920904477,784.1028584173815,783.3037798963154,-179.59925221653998
327,734.0525041213771,951.9932951006575,735.5474053484485,4895.426710964419
328,817.898833385316,1494.6072956405253,827.9107114649522,12712.617281685729
329,829.8101061149777,1646.9931692149382,838.7127326252706,19520.30217728154
330,639.3946915645523,786.377424681721,640.314209362386,3216.5520050699633
331,808.4134355324476,1495.2952393409007,818.3517874567167,13226.148245758926
332,703.0834808622309,966.133258130371,705.2202464369685,6108.300819975867
333,707.6444424021416,1321.5807335288762,718.6930568001512,8582.580031897558
334,788.7396557607478,1391.3677675373185,798.0106845023802,10181.279626794621
335,704.5344883487212,1704.7266875472105,724.8533850005265,3785.46874029843
336,825.5746433033412,1636.6455305686495,838.9536435143721,14421.91033242718
337,726.8697565622107,1023.2686669055435,729.3261220832198,6972.671841649806
338,591.8352863982816,1364.2304352896256,603.5053267301115,16063.426180490735
339,683.4309665916517,1279.5377725233159,689.8857966576021,14077.485714065378
340,719.2597187802075,1059.8128739101553,723.440727702154,5233.826001089722
341,589.7360008217522,1686.874336492635,605.7405399546361,24178.866936838815
342,756.5379657570667,1129.0283324283332,759.9586322615344,8608.382469458333
343,604.5682396999581,614.0093800865734,603.580575870421,126.73418463767032
344,573.1233007740649,1033.4131977900652,579.340100233864,9779.470969369022
345,804.0028942664235,1157.2418855570804,806.5116847882048,8922.767722321238
346,791.7091220952028,1032.0344785440714,792.9550885577484,6148.50953752294
347,683.7512393158473,1264.2391264621729,690.5374905408044,13185.364407054643
348,701.2855581403574,1564.5029178243149,712.3129774005299,19600.861075188208
349,573.3195892471473,1430.9997252767798,586.5302001714684,17727.424389758613
350,672.4805482829853,766.1456528467855,672.1789457052244,1654.9350893756964
351,825.4131453337211,1218.5159104857012,828.6041059281565,9547.987024964357
352,722.1217279722214,1064.6455917698472,725.5442079342013,7567.466706394993
353,838.3538929251857,1227.7746244943899,841.8369501265198,8625.719372211102
354,691.6585458681966,1342.6990341296487,704.5782780571869,7792.204122980045
355,723.1645451684544,1265.0618409627377,731.8820534356338,8766.751744057628
356,686.5398905016145,922.3425091428884,688.3841041291062,5464.398986562944
357,577.5950753150473,1551.2791387315567,596.6244868497423,16838.97968252992
358,633.7357504009567,1937.7012590868308,673.5596739507212,12167.769917431915
359,653.0995815472038,1073.6467469810216,659.6471145671134,5212.439309274483
360,769.118860867842,1532.0679856849097,780.8364472981049,14673.649849965603
361,696.1860879831905,931.0601803159308,698.4345602801627,4267.67729174942
362,614.4175961843631,1228.3782853511136,622.0776550431475,13845.084126192027
363,818.4751008987645,2606.047514310936,900.5817784696679,11175.08310020502
364,715.2205344178411,1755.9823334243838,726.5375279514506,25777.365071560253
365,697.7638498025398,2115.1345655569553,736.0891787897662,17848.061803923025
366,595.7264443932356,901.4835918694004,599.1268466475368,6866.898617452627
367,640.8050323291744,885.1132169388578,643.6141584567112,4154.333787161352
368,595.9194187761688,1225.3396651691976,607.8989796975012,9753.415280343219
369,673.2025420260861,1513.1758154067031,682.7793701870005,20132.94961907184
370,709.4757918716131,2202.6446025006835,759.2637166937732,13353.32984369845
371,640.4309262351443,1114.0545230348848,646.159270543334,10540.772858158085
372,756.5239413824742,1647.9489066991027,773.7364308889431,13785.492035503228
373,708.7276196022359,1809.6351957004283,733.9199814477795,15472.097591467855
374,751.347579445828,1266.4440377258268,756.0945504114004,12735.847328805108
375,806.5241824595372,1467.975759053546,812.3915660321092,16832.88670926012
376,569.1668528645123,1359.4644941134734,580.253538752314,17302.874016261554
377,667.5030055085442,1470.116150242139,678.3075341654488,17697.920248573788
378,808.5998921127521,1128.333740669442,811.0899434475399,7542.81886210858
379,601.0182356652608,1025.9630586845421,605.9153016540702,9670.129507724081
380,808.0038336502162,1053.735671599343,809.7704917733832,4607.574941839024
381,573.5473270627307,923.703509916835,578.8815983303476,6294.277797893694
382,572.2399957698152,845.9039831164497,575.3354493358612,6018.451937814865
383,823.0436418238261,1415.0773356595087,829.4464281466713,13397.831760008918
384,658.101453759581,1662.449467559629,674.2008922343074,20348.38570656109
385,671.0505526072224,855.3710451580583,670.6742936662363,1847.1420336374485
386,606.1090507627353,673.5304738014831,605.4927233843717,1140.0223990584777
387,656.6584023074038,2492.9487202414803,733.3871311587538,13948.803668326922
388,801.2620923369698,1133.780854605425,803.8522108365049,8000.312702721988
389,595.337632121886,1390.7614987664356,606.8219264185308,17064.41585025296
390,637.472135543701,645.8684748913779,635.2552882099317,51.23610684455683
391,648.6126459008595,1077.6932460242251,654.776504958682,7907.307304273447
392,826.2122775594564,1298.9626025104815,829.5189185510384,12347.33875974397
393,826.9441875458805,1273.320307806276,830.488754963471,11172.569278783167
394,783.477859845675,1219.6612967968138,789.1174868226549,6506.149903476319
395,633.0631063544957,1024.1192743302493,637.523846223233,8635.237952603853
396,597.1945894121395,783.1176461932013,598.8031746397678,3942.4485986472237
397,672.592550328285,1458.3682166266701,690.3331906487734,6455.604829945677
398,836.0187678638102,1477.8918521072017,841.2331201872687,16518.489528244332
399,611.2098192578623,1917.998341069737,657.8038241046455,4742.957835398857
400,778.1550661016813,1561.4748769648268,785.8199500446221,19531.910551642108
401,658.6595102702713,801.9694210528049,659.2706786864659,2724.7299153042018
402,776.9209973686447,993.4907875556786,778.1755654610477,4735.20208500643
403,818.4434450171455,1714.6116257313524,829.1435566052384,20642.07316686482
404,837.2220392071,1627.8523626579356,844.3612079836236,20209.95280599052
405,636.3368534173676,1598.8633268398166,649.20418502698,21817.673169519752
406,806.3398851410042,1281.9132542184616,810.5323726897543,11480.199524647938
407,584.6104285266026,969.0954238167689,589.6542683745135,7959.734768864941
408,710.8894105663559,1809.051801791956,734.7802927743144,16628.195091524653
409,621.5163632331369,1899.5051188301802,647.3877086699518,22535.953556784603
410,765.5051942751104,1884.8460772578972,793.1011165478635,13684.637814025233
411,757.2333458512345,862.6298561061009,757.3236691686845,2589.4847248868164
412,781.4592377581738,1437.44083510723,789.0786378543773,14730.012992827193
413,675.4134837556742,1354.4146797648887,683.7064250121332,15408.953512232556
414,798.6439609622008,1415.0360305800673,804.9933115407165,14581.649991992894
415,638.3438132997319,2643.3446768569806,758.9142428227472,8204.650792367109
416,796.6217897529054,1149.1094971970736,799.1280446008948,8825.88925984253
417,762.1788569230613,1225.3435726055054,766.9106977548938,10599.771535849288
418,596.0315973265076,770.2892141924544,597.722006579925,3490.2100076288207
419,823.8436209625311,1610.1497126394909,833.6328488065501,17284.082797376697
420,741.2371551062529,831.2652668014977,740.8396260889481,1781.279858121214
421,707.303595549312,995.0182086171312,710.329614399363,5191.921106419162
422,565.1677262336328,995.0929792131587,572.958507439569,6292.702939649856
423,617.0961376410816,1879.822239787696,648.4853327471881,17368.025550155893
424,725.5998683386242,1659.814335778909,739.2567462084504,19830.717389975907
425,754.076769508093,1031.050986105443,755.883688465095,6924.323256800557
426,765.9112609347858,1550.3321797499927,774.613603784661,18683.141448095565
427,777.7840014736184,1606.6131535327404,785.4192656161111,21213.84361728053
428,623.221607789137,1550.279490106851,636.2498747807165,20483.805947653796
429,799.745821581462,1517.9201116635436,806.3854078426968,18004.16498125104
430,632.4212583015099,1329.948239487885,643.3510853706106,13835.001727011135
431,673.5255795574592,1182.1800420645325,679.004594259967,11984.93570823292
432,677.1160209263335,1394.7512405421037,690.1392818577563,11462.599230363066
433,703.0187162850202,1473.760608476687,713.693650619083,16550.705282148087
434,599.8173778524634,1456.559008937526,620.0291566743139,10350.703823812442
435,580.8516560813707,2334.5128104480623,647.7516193664754,14566.934947269523
436,833.1629234535478,1584.6525986086665,845.6468977412535,12826.923829946856
437,777.2672686841447,1666.2068834933348,793.6270378625144,15081.754759786845
438,810.0234767451963,1510.2147436876567,822.3102066955778,9643.519897002958
439,766.5724941178236,1520.0301825647712,773.338743460097,19307.167190650795
440,739.3044236790871,1205.2021854403197,743.4079130328361,11509.0433787874
441,568.3971351278658,1099.2415888229132,575.4876366829856,11435.45316745304
442,688.293952720681,1650.7595783485494,706.2572106487182,16924.089204376156
443,663.836468410556,1295.5272307630244,673.8063086527699,11806.772369337294
444,678.6181410649243,1294.6501273549045,687.1495833402616,12693.798578714495
445,643.3873796482152,689.7517295515854,642.9540345964333,937.1148125691025
446,630.7188950781374,1277.4441326680314,638.5005666189285,14875.079116485747
447,810.1461519845627,863.6477122051213,809.5580344401528,1261.2983806042832
448,619.6748754692605,780.6988440133217,620.8367642776078,3457.106015239322
449,668.6393868271377,906.3755211200458,670.6000429256751,5334.158392249627
450,793.0573368965888,1826.4275524256152,812.0543275839655,18052.370834939855
451,766.7298705541383,854.6716057390522,766.3105991212738,1949.993354980939
452,625.1219794473988,1137.1105786756198,630.9826794967912,11806.486531131444
453,708.7705610892765,1095.061879403896,713.897779303754,6528.76480799068
454,724.3609393729519,1242.6759464147988,729.4375034726564,12586.346214583458
455,750.4384306580017,795.2267087257178,749.7213732375069,986.7952197000752
456,742.5683049722504,1211.5408108659035,747.1428269222846,11206.390583999875
457,567.6500907569578,894.7648082107761,573.1874529919394,3379.6441927890332
458,692.4861212491968,1022.1561655298864,695.7441254755163,7235.772872237403
459,592.52664811697,747.4390188523045,593.92467136035,3034.2009054103182
460,742.9395584988794,1971.7448461481026,768.9432454568142,19986.911745225996
461,695.4449854297826,1848.3713645170774,722.832016093336,15744.25195817264
462,676.9940962567015,875.8156150897496,678.4116951860675,3127.2688590226076
463,753.3852808935029,1009.0496985538856,755.4347245851492,5245.000672520541
464,828.941573376148,1452.2661138096003,835.7669314165619,14135.161647244267
465,786.9626583587747,889.6155950662566,786.8029025547628,2470.1932961868256
466,756.8020543199842,1124.4967935566729,758.7277910180032,3415.4055819897144
467,598.0541374993376,1856.0161423877214,625.8898490991427,20395.460522608297
468,715.9674809160132,1331.6233969393354,723.2849427759559,13808.14395588167
469,831.184019023741,1406.8880417495054,838.2968339394296,11998.834926416888
470,816.8019938273455,1170.7813826386468,819.1872288310909,4268.4021142622005
471,720.2394645020283,1653.4993820327522,735.5750452426626,17962.605528531945
472,580.6914167188148,1497.2868231412886,598.1160937095765,16287.13153651786
473,596.0879293985982,1008.7017253508162,601.9411790404457,7854.615551151747
474,711.9055249538329,1604.8394972516521,728.032846732771,15786.051628667261
475,654.4705859564519,1010.3065292187525,659.654617733642,5574.409089177379
476,729.2828840456004,1044.9982199590397,732.4494420564281,6860.335960336299
477,798.2809985505071,1458.3234311270398,808.3116527271789,5203.988358008965
478,634.3717488337887,836.8746868900222,636.1015944585275,4604.54260932408
479,766.3873777118811,1012.7032501550526,762.5306629620694,1740.96590622826
480,605.2535020974168,1769.0254836221077,626.9729311520379,21807.541268259858
481,691.7851789098377,1575.8272166919733,703.3636612883124,19827.96658328135
482,680.2873069385347,865.2219724423155,681.4936314872929,3391.147314308186
483,673.292408962502,1086.8669380763224,679.3186316353813,3958.8782337163934
484,769.1647017097246,1408.7974055778823,780.0866218659961,8652.47330503202
485,620.9631592348312,1153.94047476622,628.5673438418007,10885.039445698167
486,664.1480731363657,1106.5397132430778,669.892399658663,8878.332404944797
487,680.8011086290904,1922.9313184980413,709.7528375389979,18393.214821712656
488,774.6766052963279,1017.3668965786821,776.2827685095307,3678.8690990997006
489,600.5230093017213,1036.1161330500422,606.9230380348039,8282.712192568797
490,773.2020138813143,979.4718903674565,774.3045483218618,3568.329350073372
491,584.8796126786572,1122.3158301328012,591.742001753604,11805.718398703768
492,568.9055664274957,1034.1493023705816,576.7171512877362,8081.356766216168
493,650.5535612312331,1150.575523965262,658.526444499709,8767.12902221009
494,761.3920612001459,1262.713460187113,765.6132723148198,12655.989440323223
495,655.9531830288907,1340.0942216315843,665.2172788533447,14765.562149928912
496,689.0176585664101,1566.4852848472535,703.3075336809596,17032.00144182518
497,778.2283686819159,1284.2718055475545,783.2915724405913,11928.876195780118
498,823.3533542371505,1173.6834944533396,826.0553024754321,4120.94587417299
499,697.9908190735998,1254.4616250711106,705.0614765791722,12036.840993382664
500,589.3227054902592,1140.55356009677,597.4454569304667,11115.601406174614
501,727.0437231641523,749.7331674814724,723.3120065756808,198.69685928708594
502,578.4382203083853,822.1220001888252,581.5757229426737,3878.206134504439
503,771.1212593863303,1363.3720475408172,776.6530377371206,14646.415532801606
504,744.8418626464439,1097.7418588526477,748.3911773225593,7802.5596655098025
505,812.3630617766223,1634.2296592348528,821.127077009478,19798.566472366754
506,805.1464249987383,2176.947791449122,848.4997589260533,10737.869946315905
507,647.527478887711,1618.7138607276374,662.2903039173362,20478.17889684962
508,812.7705932252449,1143.0801267568527,816.0135446384636,6226.01216783137
509,683.0786459905723,970.3426058634421,686.5521280713962,4855.943329267715
510,763.2963811164212,1221.5571964457831,767.8016240940792,10569.920186195845
511,671.5190546342131,777.9255291893151,671.2964762351709,1771.2226281545582
512,708.0595944555239,1502.7133899508717,716.5710179095443,19380.072360105754
513,755.2982116593031,1213.715933472441,759.3857305351742,11180.920498627305
514,610.3844260120937,1515.9441932078698,624.1316657546303,18984.711991368735
515,654.044868563042,1017.6997088187826,658.1678673959109,7952.5587504728355
516,633.508605308252,1765.2124754824506,656.7459830703549,19143.825796157063
517,750.4985045947086,1461.2947325114844,758.2624257051498,16900.517588679963
518,634.6794598097476,1563.555322872328,648.7962221397266,19397.576047405328
519,718.2561373726174,809.3555036035905,718.2579899430895,2165.348105723791
520,749.5058868744185,826.440695231073,749.3001260821324,1832.8606705204654
521,820.2247550850251,1468.2543200205175,828.8996204381718,13179.991429587273
522,598.188987354132,1353.1495886408918,609.27916846818,15983.072011630795
523,675.3724311480969,1358.4684553146556,686.4169161494319,12628.347700670709
524,698.8038940548187,1478.124444664255,708.062588138152,18131.47649190331
525,720.7162869760396,1389.466154546125,730.3029395943581,13652.08131951522
526,794.9561051358421,1133.729415926744,797.7368868060656,7687.6137206965905
527,712.7302730338033,1606.800669771485,728.225269869415,16478.639797890704
528,797.8122513494802,1509.1401613229973,805.3253810858536,17048.839303198696
529,573.954201286443,1663.111791527066,605.249663954115,5935.915917506369
530,643.2743379650932,1281.4583514781398,651.1078787175488,14514.016313169283
531,724.604039031239,1397.7169487626102,731.262533792907,16659.491000181257
532,782.2673289660389,1979.00735395541,814.4633704366188,12425.994661153725
533,800.1759741177586,1381.9526941436047,806.1345738026228,13742.303977280728
534,587.5584677320543,1272.0429117893284,601.4060399021838,10046.339479646289
535,784.2499490041083,1187.5431506654295,787.5835832425557,9985.577874414128
536,679.3446378661366,1276.6714420607786,685.6900843993104,14327.81087789252
537,591.9881544517938,1993.6956650132354,628.1998819126832,19452.811849430607
538,626.8634303225501,853.6761441498544,629.1997874852126,4443.721381351343
539,576.2219941950763,1314.7338492031372,592.0794608339631,10277.087223315277
540,769.5659165267136,1263.9166802290977,776.5142584518803,8753.221587561644
541,780.1094413289045,1276.8976307818373,784.416498228142,12274.058553394936
542,616.7588481314247,1817.76815501905,654.6280032763536,6115.071961729543
543,686.3511713710192,1673.7601557562318,706.9161029706567,15130.733481476162
544,811.7492427757388,2800.402756080248,927.4948388482658,9949.21682852886
545,805.0084484176563,1213.4165606963577,807.977905661065,10519.854307634649
546,567.1438357889123,841.6171914122289,570.2324931314087,6053.84631263825
547,620.7530394738818,1618.23512201479,643.3617417413836,13887.791084187835
548,704.6591865473596,1856.5405039545572,723.4752072313522,23567.4928403996
549,618.6606675659502,709.457970968495,618.0805037301061,1236.6026192651145
550,818.9647827921441,1518.1389807191258,829.7050441098061,12438.277388794277
551,804.81236682222,1501.9028106897576,810.9022768023732,17858.821856589984
552,748.8837849453109,869.7116396132789,749.0666534556747,2912.124673825876
553,591.0582988184249,603.921272505082,587.2338166627202,60.40984660605452
554,754.8774170140437,1344.8442838590988,760.5786227166852,14379.804157858753
555,734.9584569822105,1167.4720182847793,738.6409422334788,10700.421310154272
556,599.9109687362261,707.7509611533336,600.4889018546821,2381.920516555752
557,802.646139194248,1093.4841671549477,804.6061875147916,7106.039716767228
558,685.7785705581365,1106.7105901981881,690.7972056455471,8897.205039337654
559,816.2372408749226,841.0013321668473,814.9108179961775,437.16705950759973
560,761.530272164588,1166.9538731845698,766.5263615030025,6048.2692895893315
561,689.2988033955887,1348.6570115572397,699.2879395676488,12626.52497429307
562,807.4194218239056,1640.6456983586409,814.6882952527694,21614.880004640243
563,624.8683685091944,1364.1764335976159,635.5786238549448,15591.87607577737
564,764.5909799761034,1008.1433686637262,766.2518346448016,4250.3348762665255
565,622.8781222277862,1519.4605608090853,643.7644232963712,11451.857766050403
566,808.4770611996357,830.9732952268452,806.8428138861299,356.123138687768
567,787.3218949668012,1560.8935282491757,798.4318838061048,15794.891808636878
568,665.4079577101261,1419.9144614783415,677.9738553076547,14004.192302179179
569,742.9204346457012,1247.0060142190664,750.4835159508733,8474.3988773407
570,781.9525434400169,1011.6128213804274,783.1443908425238,5860.7261073882
571,786.9003124085042,2107.2444783469855,815.8345702499533,21461.462280583666
572,833.6300471980037,1764.6446079459217,844.7064575588965,21534.489294281946
573,644.5028150451415,1531.3198561472097,663.3445152747496,12884.2444368007
574,581.000308841853,1808.7841920401409,613.6387922888531,14919.141792827608
575,647.3741393156909,1369.7737687884476,657.267917501981,15510.041352008404
576,761.2196535224355,766.0521373033235,759.6879765547834,-9.90110961396328
577,676.2182030896403,1616.720918877881,689.9793783160127,20109.911891315096
578,697.1103957607357,1938.7026187859478,720.3262173544032,23026.14422635677
579,676.9268286854804,1327.740327273761,684.6005658847688,15050.98957099248
580,569.6735413794598,1294.703177522267,581.0020753858325,14657.891364679612
581,830.9464652723822,857.0217216517295,829.0321682214271,407.76329546843544
582,836.456927925017,1474.4954145596732,842.6157592668102,15417.10616566611
583,713.7035229783883,1461.6096662104794,722.4724766924968,17421.286359852238
584,621.2986660437349,879.2443474440237,624.0677821448446,5514.846445436358
585,810.6981254908218,1259.0205928339678,813.9230261276319,11735.80391853892
586,658.8670541672095,1792.6330884792433,681.8121553509145,19297.4403924678
587,667.7026964416149,1560.0453214914564,684.1740531071803,15520.926573482437
588,566.4971332539832,997.4771500703389,574.4819455456072,5927.096591248485
589,583.7283086601332,1044.6429004367626,590.4083425041408,9252.281499876623
590,837.4217867109486,1929.2200789009034,861.9492955337475,14846.548321200355
591,612.9033916363414,1316.565297166085,622.6144810372762,15246.466283701637
592,787.0475866516966,1762.279356384766,806.4510934118629,15127.142279242413
593,753.1252401067247,1037.3696660274481,755.6635628119269,6042.920144748149
594,618.1510505473624,1594.4343483739253,642.5029431480827,11162.08780782613
595,602.9891933907774,705.2312893606669,603.4585547867661,2263.552579875308
596,689.4632031991663,1364.9545866290914,696.521351831106,16439.882732505015
597,783.3758855397535,1360.9167162022527,790.6588179321423,12183.946614962946
598,709.7710567226598,1517.0235712800531,719.2053473717276,19013.00596849449
599,744.680503574867,1370.144749600213,752.1790868340728,14057.086932422473
600,703.3928009348612,2322.6925395632234,775.1087342870089,6821.337054853539
601,769.1595386901807,2313.326148105001,830.9621757886332,8162.732993781183
602,698.2332552880849,787.1436573974161,697.9708063353955,1833.989098651715
603,773.1571597875878,1391.2757984750062,781.2878191755224,12706.581081126451
604,617.8699082045102,1236.4717597758934,629.0889831454314,10002.21612511439
605,803.3724160455467,1349.1752013364892,808.6518791996895,12960.837363731926
606,601.7818089405489,1654.4507598105956,618.4923017500221,21815.726159295766
607,770.5835669194059,845.0134396237553,769.5749595846811,1377.414389865483
608,684.2622731482462,1577.2425320106274,703.5281786531684,11774.087002119308
609,783.2311423661492,888.9212427125234,778.7197445586271,1020.8975627798441
610,589.0941402324095,1523.5749131983823,605.1353458402575,17933.180107863176
611,804.3884435713367,1110.4902993469582,806.8914622443591,6648.618868497204
612,813.2526957530365,1207.0483709845414,817.420156170981,7889.031645189847
613,757.6407907342275,2380.7263685191697,823.4350790340635,10251.125838663193
614,731.3159488103641,775.7656951094228,727.9367960763253,507.4157478432402
615,811.1376601628178,966.5492283460866,810.0582402362357,2351.2854624154434
616,633.9517980528634,1696.0360805809478,650.6797496284097,22219.452428573797
617,830.122497776432,1051.3013092112342,831.2481157854382,5394.462810819107
618,749.3809639381946,1202.519921139552,755.3512470564912,8585.875998275502
619,617.889995333481,872.4783749965966,620.8341938475827,4424.267586967617
620,691.4821611427811,1448.152858450345,703.0252349473897,15120.734766720614
621,819.5698741497515,1031.507505299587,820.5688028639307,3796.244208759312
622,708.5428277990009,1320.1586036069054,716.9683318759681,12486.362961062314
623,802.5071445164441,1209.902414573745,806.1701513535796,9442.863456821266
624,660.5268129412127,1155.2012786032071,667.8927921596512,9037.515253360132
625,661.6060857586857,1021.5879742943521,665.1989651993172,8447.3076649648
626,735.8603678048673,1385.1156495957655,743.58614688968,14696.279643052721
627,795.2190919030761,2142.83416897763,834.3102145858567,13765.899177560283
628,747.5302379307365,1549.42902284987,760.4279285867561,15140.927828276008
629,718.916539869802,2010.6216761924263,752.5865410035266,15963.517874125851
630,627.3161054212818,1290.4415302798081,635.9428004017147,14730.436986363497
631,733.302083808456,1116.7356152903774,736.4762318728667,9560.119397002783
632,620.0522754261127,2064.3405407150913,667.2774810499706,12371.98989450104
633,634.6099278032608,2235.5040361915862,698.927551849189,9526.718294608969
634,811.4370925112427,1209.9466813866316,814.6013420153109,9763.069413155652
635,737.6533322087801,1287.7446185476363,744.0952205595382,11985.989357657558
636,667.18977489351,1673.039376546123,693.7494528758713,7059.931937195481
637,625.6344260032618,765.1236301869168,626.5278374441865,2931.144864376011
638,709.3323079144459,794.0062558247155,709.2332742568744,1993.6123232240068
639,709.4213677147175,1430.494934638542,720.2557975394908,14205.340511044968
640,607.8767768796954,1308.807303012676,619.47728868119,13089.638892931982
641,591.8714816121079,2475.1686904980493,669.8741929244035,14725.95926475375
642,680.0015905792367,705.2253754806584,678.4399930983413,378.419440627842
643,759.1418021713804,784.6160164536943,757.594565318765,432.62003789888547
644,624.1992284786701,1427.1238885464404,635.7588863565644,17241.78907250375
645,628.8502745417607,1638.5418676047245,643.019969692347,22421.4778141323
646,726.4700441641747,1046.2919928908066,729.4436489252378,7005.994454537139
647,720.7943197800942,1523.1817102071836,735.7762590262677,12636.761591407114
648,672.6187670907966,2012.4840955598095,701.3826286181263,22628.849415566492
649,789.8363331546618,1627.7449809132602,803.9584066381311,14730.806837233959
650,635.3317948973076,1156.504551367955,641.3584041124,11917.09151201594
651,782.9317467812266,1547.9231539393843,792.2414336798838,17146.83851782342
652,784.993507163452,1622.8691977332064,799.8995767345973,14071.855692511535
653,741.9177304308834,1142.0491107398163,745.7020156672646,9247.210965405206
654,795.7153674167154,839.4331500738575,791.9230761173621,496.3202669020648
655,676.3739684625259,1170.5143290661267,683.3193482689725,9641.085703112503
656,775.8240069195728,1307.6229954443447,781.3732424282597,12214.963819864286
657,747.8565779418203,1015.6297192146499,750.1623383466926,5271.455165945042
658,585.7653634582613,1469.8741283154707,601.3179728993474,16611.28665061292
659,729.8580519638037,1341.6743765881229,735.6641126171291,15212.5298463089
660,585.8140902139644,1668.384023027781,606.6896357522718,19296.437528963423
661,788.0900089320452,1346.6780284362576,795.9756813722945,9938.088103606235
662,826.3315679437028,962.4763490209486,826.4705316443524,3404.7993735168193
663,583.041059523527,648.445556941207,581.7764575177463,768.3399904552351
664,593.1374923986342,979.295065038863,598.9660711893133,6883.479143878707
665,663.3374203021954,656.7319103550399,660.6475691577771,-207.39616428467224
666,690.8491263981284,1237.194468772503,699.2461471284993,9773.585951670348
667,795.3344025475358,1492.9924198359668,801.3236520392247,17959.267661567876
668,624.8116671264746,1883.738046868307,659.140979747483,14381.175520634932
669,706.1172317209788,806.6013141018348,706.0199002655758,2055.1224349351996
670,706.1256532458643,1060.3745559650506,709.6992915413317,7781.694228613744
671,701.114778195499,923.8371448163472,702.8676749043663,4732.934185949062
672,722.804797551032,1861.7092131714837,749.7528428467516,15621.331625977116
673,669.7000371362169,1057.280671796505,673.9438223240937,8629.56460394541
674,836.9661399738935,1617.3637196140505,845.5993340016279,18196.873675281782
675,705.2597747459909,1583.6704065539882,721.1608496615523,15194.088093883858
676,826.900933171049,1849.9016578943501,839.5863824430776,23650.676412550165
677,703.995022822234,878.4650235788189,705.011372029378,4049.724590836557
678,776.3543481952972,798.5367262692556,775.2997310202906,412.614775962389
679,614.3083951671827,2269.630955400827,676.2158609717674,12691.98333497427
680,763.8045740560688,1025.8293205384323,765.7190417060262,6037.644200879199
681,786.7002667044937,1956.5305001984532,818.6168179229211,7298.991522488103
682,754.0237504606356,1459.7554949415548,767.9488296252968,8454.84778702943
683,664.42416426152,1422.4840920487816,680.8699349028107,5537.485063696892
684,645.5541756425991,1452.1478695200744,660.8370558340849,13222.460392756731
685,712.4803988683659,1412.3014279474448,720.4877840534151,16258.19812632457
686,814.4225505687521,1413.695137176411,819.4000701362871,15362.537743649487
687,660.0217846983217,1156.478262227857,667.7571068793771,8582.130158858183
688,749.3705817399571,1445.7959410009034,759.1354442324091,14073.689730275471
689,770.2402283800178,1419.7164806309086,779.8435272476356,12199.651077669863
690,657.8513430281054,1454.3992309471746,672.2107122074885,13816.508840186862
691,636.1068127562967,798.8602007799585,637.3471433568551,2748.578983727196
692,808.8288913400602,2036.172271888295,839.3754468498695,15829.404104235593
693,702.62170653949,840.3996095715537,703.1984009370665,3112.301702189975
694,751.5159488170333,927.9277665657653,752.3709991192676,4362.652878956313
695,831.699360643784,1578.1897958556353,837.7850648043645,19507.91587017093
696,702.452322041571,1321.0134452701402,709.718354808771,14052.651606447624
697,565.1476634326723,762.5796994182773,567.4355707237966,3892.50569230784
698,697.7128162629723,1317.0564018362243,704.1684708368601,15053.93028625175
699,716.5533417453996,713.6943544914438,714.8298979199762,-158.7513089203313
700,819.3859401863058,1746.1474578692291,830.6158010154658,21467.613748872143
701,615.225555685651,1263.4032107324,623.255894797358,14717.513395779606
702,571.0074051156397,1286.7126943656842,581.801879450262,14717.58901774648
703,756.7466411673407,2454.7638164301893,816.1631355085827,16569.438485406343
704,820.5648785996327,859.431689311211,819.567786351238,814.8149652503911
705,626.9666067477925,1597.6391508967238,646.4490756042509,15915.417775830012
706,723.6477455259948,1544.433684948644,734.4668427284026,18064.1852085061
707,664.4934412854857,1938.8723906476564,692.3142873559133,20831.899867379496
708,610.8909065198911,1861.7797676077005,643.5854861312715,15412.640475517217
709,760.1650667384113,1102.3286295752805,763.7856207791942,5977.735609681764
710,668.8925070761542,730.6531270292697,668.1395455832451,1141.900664715869
711,778.6098095879917,821.5786660465646,777.6224905576486,860.973937354856
712,722.1489120921194,1119.950501994732,725.9479911667818,9439.075343102424
713,821.4272579056626,1191.9804738096343,825.1112736975521,7633.221003169752
714,581.177823142052,1357.3728875067973,598.1617228610265,10728.784293174476
715,792.6811402377987,1471.0276404601643,800.5409985659459,15451.10275640558
716,569.5120367687393,687.4549285062166,570.227159051281,2220.076105261918
717,709.9072238508786,838.3624694530029,707.1766792010609,1279.6161372545969
718,578.3676679841019,1294.252262726625,591.7223688269067,12083.492771046545
719,581.9262856075762,1243.0689193438511,591.0992440720532,14352.299030865654
720,571.6372990613551,820.048859610753,574.8221944058412,4554.884967028522
721,612.3771722505844,1001.3096786484674,617.3096378856064,2821.164972757281
722,682.160034943769,1760.20914938,703.1736711939432,18762.068065853106
723,712.9686069397757,1396.266090847043,724.4631322958821,11977.534157301685
724,768.6492795119827,2067.1314743321154,809.0260212924545,9147.981318678922
725,610.336628310472,1916.7164065686163,645.5823016062471,16245.516128591653
726,825.4807411362781,1014.1331642944939,826.240319367258,4480.31251602944
727,672.034337486086,1739.767213539568,688.9247905477043,22091.062963443866
728,592.5122180720296,1752.0558313260174,620.3996230285624,16101.176777204404
729,763.6547417996821,1371.5756129969855,774.4391036243135,7958.693240250645
730,602.3577490453016,1712.1668015737675,630.833527653706,13012.120504835373
731,689.6378791345204,974.6271442514252,692.4344371176804,6260.017671131803
732,586.2172041930047,1411.5275093617468,598.8628719991266,17048.626479895014
733,648.3355821729215,1053.8650198228108,654.4060565856918,6608.877621220822
734,786.5277174580388,1312.3175932038462,793.6565476535895,5041.736082627085
735,672.9555695973235,1768.5927248545552,691.8806024994386,21108.37912234171
736,666.0473168955335,1089.1016398396036,672.2394320442681,7571.688056932904
737,687.6530185177719,987.0431769818596,690.2739552526818,7193.148573216307
738,740.1452395538904,962.8143120051797,741.4690832973024,5376.668580669038
739,801.6949683767324,1013.0143652012903,802.7475619400916,5280.964531847587
740,633.5937362176508,972.1763953017444,637.0859963281483,7856.210096931841
741,603.1686833751716,2579.360115548533,710.846344905186,9370.07813902381
742,687.5115520148798,765.9712367574484,687.1543969108834,1541.6235713512287
743,714.6959094733626,1289.0387962666766,724.9138203015001,7225.833510472197
744,602.1902027798685,1282.095878832617,611.5894458987075,14624.852216196377
745,644.4263345918409,1515.1426410877107,658.0757517365721,17747.979738328457
746,772.2939402779159,1317.3031799257167,777.9053105184925,12662.751863182486
747,719.866427925083,803.234439968664,719.7248485885258,1931.386932249488
748,763.7606256671636,1048.2367912504726,760.5286539852204,1858.3600084599211
749,725.907152066783,1610.1247465962165,735.7149050360994,21452.117408214817
750,673.7829738940751,843.8015833357315,674.9195237518476,3831.9241226194586
751,681.302342325606,909.4944553203594,683.163518494323,5159.744778140361
752,686.8788417766785,689.9730407609126,685.319737375467,-36.40573754778589
753,592.7204423717825,1900.8342439266953,630.096104914544,13933.248983027275
754,632.2462055854724,1430.4118268659727,646.5598861302128,13943.040275075393
755,781.78969714776,1260.3026392989511,788.4757956201286,6717.207760561402
756,612.4192780772343,1411.2199979826198,626.0112486106016,14939.471828534834
757,660.4588518832791,701.6331330258353,659.6283533665315,767.9979112450302
758,769.4449692052192,1043.8742985600209,771.7780983321949,4439.8206847761485
759,590.3748716315896,581.0651207300208,583.0786281450181,-145.04631252149107
760,602.5591934408336,612.7033789249057,600.1574916517297,76.55299604393147
761,793.8513271083068,1491.9576800126777,804.1602240962761,13398.407653702126
762,812.480283267323,1614.3621529673844,819.9188585230514,20350.995289520833
763,764.9942184776417,1064.540875935722,767.6095943311856,6402.936049069789
764,837.6180166873077,919.5837153843271,837.2771189757555,2025.9043436442103
765,729.2537534798674,1665.3964072928231,743.6032609855124,19059.390158594746
766,638.533360582657,1728.239241122831,653.2966066524629,24777.178477004483
767,623.5799065457921,936.7867331888507,627.9560128344509,4026.3839643382084
768,666.0822906252711,1611.538140093327,678.7345320653664,21200.459559029034
769,652.906121070601,1486.290426128133,667.9601679642664,14796.190384896385
770,727.6843968704924,917.16275649044,728.6711197992712,3127.929286704928
771,640.4555464798638,1391.1125963050292,651.0702190010865,15957.243259179835
772,744.4004400233154,2571.9385343713097,831.895563564447,10588.433204008626
773,645.0339980385959,798.5019104511551,644.6716593529966,1637.827490217033
774,731.2914849739562,940.5662962035802,732.6956552791388,4563.038937884976
775,817.0559601615238,1973.1159737962357,839.4427187432243,20150.39883145911
776,626.8162558234783,1420.839991913409,636.9738528206835,18071.256719001518
777,648.4559086625627,1076.4068148946985,654.2412020480847,8258.82749067441
778,732.4384941150445,1342.5219572699677,738.8330218622531,14493.207245773772
779,661.2343153215086,1379.4410102015668,671.9257332183279,14442.524836483604
780,800.5100356185405,876.043002305972,800.1370682870341,1815.9770275463384
781,700.9007005598427,1435.7598564311259,713.9892705845652,12370.53981723585
782,816.0532117480175,1391.683002092658,824.9339375498479,7501.476369864801
783,729.3692555486864,857.6047175224927,729.3564826898537,2301.488407847521
784,828.5166662516932,1698.1569640700804,838.5424837162066,20268.801366004885
785,674.4864288307755,1485.8889691623642,693.132709019483,5581.333269536803
786,619.4599302820357,1528.1930470167156,638.0525306317716,14227.76870081014
787,810.4234175879303,1261.8324725529264,814.1303677775395,11217.903829814473
788,624.4728653706842,1454.8323002002319,641.3619599153193,12905.269261351312
789,676.134138100924,1813.011349041653,691.7551336252744,25718.947335107547
790,813.3471270316815,1158.1910427384357,816.6782690294848,5468.193105519605
791,570.1696936314046,911.3609721225095,574.4390254510679,7206.149844533803
792,625.5626677309693,891.8816327302146,628.945601708071,4634.593779848903
793,795.2035976614776,870.2188122078237,794.8528660688087,1794.0121984384675
794,653.2938588550307,788.1847617502261,654.0650468608194,3129.3936184320005
795,637.5445863047881,1453.9093055424698,654.2931667031246,12272.027740333697
796,780.9341216493405,1642.5481639354518,797.6378607488773,13098.382982696976
797,699.2755345262002,863.5909475867984,700.1329361742792,3863.6580058597638
798,607.8211494925707,808.0692616310738,609.6008195885255,4341.0513207941585
799,653.83403188172,2028.2848104214245,694.109750661949,14891.849553578542
800,771.7719559811236,1186.4617734423437,776.9666519597138,7660.918135633684
801,610.2767785208314,757.1958904091684,611.3737819080054,3223.6911802738846
802,581.1826799928664,818.7067650813511,584.1077342063929,2868.896172455349
803,656.381022965476,995.2676654958817,659.906147872627,7531.564912815592
804,634.9504985660951,1240.8485717761494,642.1132827125971,13901.938443945284
805,803.5073734222697,1087.669704755651,805.3843556591845,7055.927259699468
806,613.1043188953652,950.5403225319,618.0043006657683,5773.966450040471
807,813.5797000572709,901.3835069215332,812.9636835443179,1867.3806033238798
808,789.0234129814661,924.5026574014905,789.2653161919193,3205.1854867691354
809,777.0214616585336,866.0859010472795,774.7714635611941,1198.633529387315
810,607.7672148642893,1510.1201111904581,621.0301345704163,19355.4425841959
811,745.2883391641867,1441.778903323937,758.1836329126248,10067.35590444045
812,731.4714150937168,1170.7949090389636,737.2143669075973,8466.399326405368
813,744.3854240278456,1601.7794484613983,757.0177307073069,17594.405033496645
814,684.5332501802844,849.0663090572777,685.5461945792795,3561.9751288022644
815,724.1440897113984,1086.7946748771803,724.9091201090223,2772.3946662095473
816,797.5161576844588,1477.3534797270966,804.4292501272093,16330.657116843662
817,732.2943140980238,1043.0745610840704,734.7953654999855,7374.222433155832
818,687.2269771085543,1399.0539805357803,698.5388072406766,13310.237762471885
819,775.5438428574251,1673.847606488244,792.202436917581,14631.77434040073
820,792.853217148316,1758.716005132251,807.8401063079275,19359.71204839994
821,829.7885227665707,901.3167758337622,828.8484411498655,1487.9155225119541
822,813.3726386754884,1247.648919922196,816.8724211631006,10641.941307342737
823,565.5775622678161,1335.5161502696144,583.9774253427157,7276.933229146017
824,654.9002668913022,1454.994930386268,665.5569300422461,17791.105593042113
825,719.4791209369936,870.683945013269,718.175080668866,1818.2514074013213
826,812.0445139306579,1766.5448162981734,830.9038771202249,14521.083433975953
827,825.3286783808338,1193.4162689024095,828.4633080853558,8473.904423359465
828,737.8791147907999,1279.976953563211,744.7599152297413,11140.992366705359
829,732.7092566156313,773.3411147962845,731.70774413023,789.4618111862442
830,758.3833777122973,1095.4742253084637,761.6714128275756,7155.955837252683
831,747.514490305529,1546.3620720144254,756.6183803881855,18849.335453670028
832,648.6122509705539,822.5818027266067,649.9873575949953,2993.6564201825245
833,650.5871871105943,1014.4842851809613,655.1179269289677,7470.845464682024
834,834.6479552892308,905.6484835379956,834.0647185334575,1615.0753012527769
835,658.4431291464497,1469.936392767794,672.6088237321715,14818.291758152707
836,757.0746516690049,1294.181493452838,764.970788951618,4833.042521277077
837,821.6021399610233,1790.2143885740982,841.460544211193,13467.983911900128
838,737.9768859557737,989.770417057352,740.1797712239767,5166.227198003192
839,662.5596325049702,1320.4926947566457,671.3286888026718,14339.267841876657
840,837.1023028200096,1600.8527046973702,850.7260016835529,11522.73538527884
841,682.3223139642225,995.6198254952759,685.6928316451409,6629.818512001125
842,735.5806210242189,2140.6855979107677,782.489821006077,10181.608067242545
843,579.8516717287625,1462.4350437533724,593.9971701845625,17911.74677184846
844,642.9446181269313,1624.0723930781808,655.1295070582486,23023.38699849876
845,647.4308700739546,1737.0177597771326,667.4150955696997,20088.09837374367
846,768.5155957775999,1014.4981934686529,769.9845765452956,5993.278901037755
847,692.6540606903685,1178.111203859299,699.0901917631681,9528.83576922441
848,780.8355170827949,1265.3407527248917,786.7166389402446,9928.369450813223
849,823.9285511618115,1418.6455122336347,828.6795699171691,15338.7799335927
850,640.1259574117053,1022.6262514935145,646.0726215558352,5385.344450275901
851,614.8585709647556,1242.5281843294022,626.6209672081164,9985.532819584958
852,643.0835289307955,1777.681357846309,662.9280233634412,22136.523749856442
853,681.3646611426881,1895.3531377187924,714.3824338378338,13438.201330321226
854,814.5775315995968,1461.7915148186444,822.4048750627464,14047.816470695427
855,833.3277673809848,1197.8916211198712,836.830510442552,7260.71757563548
856,807.5742437445033,1240.0917472025662,812.7718939388367,5830.5474101692225
857,646.160708821555,1814.6950899487167,665.8342836433205,23405.243307258144
858,802.7849473984787,881.5189170959629,801.0073831012256,1244.3692755311322
859,789.3529943363314,849.4657154812764,788.32062037193,1215.2268844367732
860,782.3335428522125,1325.2972698855697,788.0979033175656,12350.686948420967
861,615.1854579993412,1020.4568311509701,619.984745514317,9037.895175093443
862,587.3452899495983,613.4382656667999,586.735126237341,494.5458877649705
863,768.2021694546046,798.9293620697882,766.0858910206849,467.87661986970954
864,745.5419891541075,1232.8094233994532,752.4762247057142,5579.618150965115
865,761.9955833268525,1799.2111937427655,781.7987130477339,17664.2609778869
866,830.9171322784794,1040.3768629415592,831.9255791729299,4673.442948334909
867,775.5336218882428,1701.4292405515582,785.5699800271867,22601.92278387629
868,598.4440463722713,1870.9306815565103,621.4635845195604,24793.051589968338
869,585.8886533154554,660.4377834147502,585.86361029319,1296.3288556321831
870,723.048270418706,1936.3180614300418,751.1640941510897,17764.303158229977
871,824.4850949527045,1514.2150066148708,830.954210687486,17022.958441250255
872,730.3811286126896,879.8139049710845,730.8553760690589,3359.948332077584
873,711.6139525090616,991.7953161960977,714.2080017740242,6078.009136720382
874,775.6015061332416,1893.4303645451198,802.079752082256,14681.279464060066
875,723.4590977597699,980.1689547219249,725.6610926639836,5677.375009953402
876,639.7627922040325,1165.5004805599633,649.0376880501284,8170.917998876372
877,584.3701517096082,1359.5463417279966,602.646216852465,8662.277896281139
878,758.0293925284107,1305.102734129688,763.5637805968421,13013.963463742351
879,662.1105393665515,964.5528882830987,665.3084923622235,6416.672080254198
880,697.9388031483846,1579.505866426415,710.777490466575,18704.56427053081
881,592.0921551945702,1033.2342988085213,598.0870428232985,9071.936978023905
882,572.1878873589988,2657.54927008131,715.3075458900549,5689.25547440122
883,595.8888885415486,1055.9654324381602,604.4574657402617,4066.393762289103
884,694.8110708316368,1497.546937149223,711.098580975906,11234.887200049263
885,646.4967677738774,1301.5710939455982,658.4487999865694,10345.65948519559
886,745.1421447338138,1340.534703344938,751.3714805285214,14245.182214285775
887,566.527379255987,641.4971075905523,566.5452056531191,1376.7180763822214
888,804.642205836373,1164.0595753912694,807.1107656905638,9146.862199977935
889,602.4683213021872,828.888153478561,604.993885162018,3276.5462187605667
890,594.3042207525683,1317.1629859768807,606.536754451267,13535.387358701404
891,820.4439787804605,1382.0851453453927,826.662875086877,12323.481011411212
892,656.2904982450765,1482.52315743313,671.0397589027939,14554.353348406947
893,775.2633116360076,933.5047372074191,775.5983312983037,3289.5993420522345
894,633.6051963546321,1507.8587414224621,650.8380516093525,14288.775575452828
895,655.760552918985,2192.9664243034827,702.5314355961008,17670.361893206413
896,833.9139244206568,2172.415157537115,871.024694700823,14428.311796660673
897,581.0668922225562,1480.87233086788,597.4034482140862,16427.456841334337
898,684.93601150934,1454.2848855526543,698.6019602613667,13114.336525104416
899,569.5138706985085,1674.2838043140844,592.5633864484241,18321.310852774837
900,835.9853311960193,1287.7473707153833,840.3035856988707,10099.429209710685
901,792.7453861333686,1546.0705765802493,800.0843203770011,18718.907318040827
902,709.6729449617362,2002.9296808106174,741.0045842770302,18316.679756711666
903,699.1622310177713,913.3128574874204,698.7521351043855,2108.163486616572
904,704.9465238189503,1466.4394909849404,714.2762043591746,17288.03620571635
905,769.9276805645256,812.9824894249502,769.218065398427,965.8533303177672
906,751.6336572066858,1436.3238966856109,764.7515257231522,7677.350890718302
907,697.911656131527,879.7037391988741,699.0355315449232,3050.0728976444248
908,811.896697352144,982.0163928053715,810.3897945275222,2173.1152935977684
909,681.6229467267672,1212.9592408792125,691.2031510865648,6447.884295365261
910,833.8039408340952,1103.2935153571634,835.6714518168935,4599.876482534652
911,586.5501082659855,850.351075391838,589.6428997629669,5409.0321747214
912,668.2418331254584,982.117400111907,672.4013583906749,5179.600553514181
913,581.7852441272695,857.0512231427681,584.8955983438696,6055.7760943817
914,725.5303161261563,998.3744127430377,727.8547007785188,4069.332922963848
915,600.3589826209886,1493.7200045079633,614.3374169229913,18229.93797743052
916,579.0824476186502,1098.4596721900766,587.3946224957583,9588.956767781829
917,578.9806509035947,1296.3510988640548,594.9095886824564,9275.500803075485
918,766.8182652695695,1190.3125862678926,770.3405420387497,10512.320325966422
919,701.5049016536523,788.620790643901,701.3539678220478,1799.606398532592
920,789.2686878719228,1355.557328019774,796.2226844154661,11817.443205759468
921,794.3189185495469,1129.3631476753303,797.3059293084304,7371.748113316809
922,733.6775460911947,1570.9833719309668,748.8052917037684,14365.412501048415
923,836.5256936859124,1783.8231925343662,856.0265752608917,13150.46315531458
924,797.2310794228481,1823.732282023112,810.6667176940423,23118.045088560233
925,568.5740932355025,1378.997544736404,583.9697379866099,13773.407718644406
926,778.261190376033,1036.5497581321702,780.0883054737517,6005.790071465202
927,592.4169676962533,1093.3418742789245,599.5477360795837,10138.76672895002
928,651.1581438650918,2312.0451615372504,719.3849951246638,9802.746455097049
929,589.4219445463791,1559.5825012236119,607.0361061714644,17751.80572035888
930,605.5208291484591,664.1985386488179,604.6035885448379,865.2980448013258
931,609.5501838322227,897.0036148592014,612.587560561424,6517.548176453612
932,680.4591159205979,1262.5970393648715,690.0904435474312,9855.051789108104
933,587.8491400638017,1519.2541826402253,603.5969124291231,18324.882349530835
934,712.3222183289192,711.7517358812554,711.0288427457526,-123.40265725568075
935,696.8458442354241,1786.2290872453423,727.5778574934803,6151.077878905071
936,758.8482908214952,1032.4011450511903,760.7053051407006,6840.388013763063
937,583.1670565887775,1539.2606286944006,598.6691522523811,19371.65163694753
938,673.4984254964663,1258.6599451938398,679.8462169566849,13899.633708445575
939,739.4993758172365,1055.5034027396948,742.6483324545741,6799.12425417828
940,764.1096139910109,1176.455371418547,768.3298708208456,9173.771638540386
941,608.3160286211312,1082.960417347125,615.569033470834,8824.70728380163
942,605.6793069228772,831.1153078751582,608.1522589065302,4649.1163964760935
943,656.0110292918217,873.9291936979686,657.7184948199568,4939.911337114287
944,683.0279176480396,1452.8737005499424,699.2229926455811,9844.62752350769
945,754.0076134292497,1539.217424442951,768.2822052794289,12486.159236454821
946,743.4042956452497,1045.0357552712892,746.4003676771764,5383.757098424854
947,685.5323909551848,1275.8041299954903,696.181143314414,8494.600074227854
948,711.6434672899088,1495.8188588044386,720.9550533623919,18178.920385527817
949,585.8918680297743,1392.3016186792902,597.0509058188078,17778.090873274825
950,621.5377843556676,1977.1761486963726,656.1333188994384,18825.06459437395
951,775.0811265011693,1436.5591354179594,782.7221277833473,14965.546556608602
952,594.4039150053728,671.13818534923,594.5234937116071,1464.736051135862
953,707.7835268704498,763.3442266792409,707.185405038703,1112.2116293401214
954,667.6114753776219,1391.4522464777456,675.9379941627468,17078.75692214767
955,738.3145583567791,1097.1842229041076,741.6594666415161,8195.841628667416
956,757.6157235320363,1681.577884348345,769.7703551130246,20662.556291404042
957,834.766149931123,1078.7193509088918,836.2280167002461,5014.431999596843
958,832.4497626421288,1186.7258880408672,834.759053680806,9102.645904223422
959,740.3640660210045,1138.9574959979677,744.4702458649978,8744.04870100414
960,743.9200789500143,1391.5502072112722,752.9019079629318,13114.522133007005
961,628.7075215580571,858.7506368188159,631.0322030480565,4937.233810198552
962,658.1214454519721,1026.4029192425835,662.3196639066925,7782.887046191497
963,813.827255247261,1213.5535203441423,817.7148176007238,8532.842966705526
964,622.2097367669979,751.1183564774905,622.9187239492358,2913.8433836804516
965,613.8320547362155,951.8379100401944,617.5986699692178,7548.238830986596
966,742.5180131382047,1446.8790107157092,751.1457763454206,15836.603607390125
967,804.6214795931952,2369.0569632019897,858.0289282362875,14602.815162128853
968,624.2893828682222,789.1254406786892,625.552931678142,2485.30530740988
969,628.4393957531956,1422.0315481794137,642.549800300243,14411.033034679924
970,792.6653433210739,1079.158458609303,794.365867187192,7381.6537422029005
971,637.3741112313605,779.7852741147325,638.2364891468886,3164.4946835936094
972,627.3968431308135,864.1761775973218,629.7665115158376,5044.8699646184405
973,837.7736440061938,1477.8184158565202,842.7243284742154,16831.65709380363
974,667.8980957802524,1565.1112362894492,687.5007880107137,11681.391029540291
975,705.1563866597905,1631.4161716325245,715.6765662471703,22300.431342958054
976,732.1825188395609,1459.8668673004156,739.3123067250091,18134.170661788423
977,568.8946347756772,2263.3407181542393,641.739760187027,9275.339789011958
978,619.5150582581743,1524.516344089112,641.7985700917325,8304.150728216224
979,822.4229452326648,1825.5725103160341,840.5008841457732,17379.731164622957
980,721.5060517426253,1525.5951042736115,731.8427007408352,17959.68351974209
981,575.736435934791,1003.6516664340604,582.9893587346703,6972.461112977185
982,686.4287291768386,1256.7785813270345,693.4087715055922,12483.1648950095
983,726.2484107882846,1378.8945407418787,733.3157780702286,15428.86143828498
984,839.1601382377405,1301.923946075375,839.2116342585605,3266.664707497675
985,828.1285681369183,1754.106602893657,838.8781735619406,21721.869527242332
986,778.3019612053529,1715.2816907246427,798.6364684443272,12081.056247280307
987,789.6431875161641,2430.090906787625,842.1484179720143,18221.863422150967
988,747.4309067289388,781.3650328959001,745.6905167049501,536.7893090291013
989,618.4502518208691,1146.0988516534328,625.7279905355949,11090.805385059786
990,655.2158231968605,2172.4987386942726,711.8998826189692,9204.745693232517
991,718.4955353926626,1338.087404771845,729.4146118807063,9248.582551878915
992,747.2947649468016,988.2482234428592,749.1214933614308,4694.988642027331
993,802.2131277917864,2304.2145688757264,850.3188144773563,14694.852898158439
994,826.7289707191334,1467.1575119413756,837.4167575054727,7764.026887705204
995,564.3292381632464,1196.5096599839096,576.2447521812024,10057.14253923367
996,647.83955872539,1578.7659400456191,659.1851213969366,21880.75320997688
997,581.3458952948143,1476.7605659686042,597.2935029022676,16521.489250678824
998,753.4583949799024,1635.3106068062023,768.8676698159209,15789.295314463403
999,616.157561391579,763.4809487864587,617.2380545078385,3230.6654980133953
